<?xml version="1.0" encoding="UTF-8"?>
<!-- 
Copyright 2015 Siemens Product Lifecycle Management Software Inc. All Rights Reserved.
================================================================================
Copyright 2010.
Siemens Product Lifecycle Management Software Inc.
All Rights Reserved.
================================================================================
Copyright 2015 Siemens Product Lifecycle Management Software Inc. All Rights Reserved. 
-->
<EDAClientDef application="altiumDesLib" className="com.teamcenter.edabase.lib.DefaultLibraryFactory" family="altium">
    <PrimaryDataType datasetType="EDAComAltiumDes">        
    </PrimaryDataType>
    <LibraryDef SelectLibraryPathInImport="false" SyncLibrary="false" SyncDatabase="true"/>
    <CallbackDefs>        
        <callback operation="configureMetadataDB" type="java" command="com.teamcenter.eda.odbccon_jni.ODBCConWrapper:configureMetadataDB">
        </callback>
        <callback operation="importMetadataDB" type="java" command="com.teamcenter.eda.odbccon_jni.ODBCConWrapper:importMetadataDB">
        </callback>
        <callback operation="exportMetadataDB" type="java" command="com.teamcenter.eda.odbccon_jni.ODBCConWrapper:exportMetadataDB">
        </callback>        
    </CallbackDefs>
    <EDAGatewayDef>
    </EDAGatewayDef>
</EDAClientDef>
