<?xml version="1.0" encoding="UTF-8"?>
<!-- ==========================================================================

         Copyright (c) 2007 Unigraphics Solutions Inc.
               Unpublished - All rights reserved

   THIS PROGRAM IS AN UNPUBLISHED WORK FULLY PROTECTED BY THE UNITED STATES
  COPYRIGHT LAWS AND IS CONSIDERED A TRADE SECRET BELONGING TO THE COPYRIGHT
                           HOLDER.

===============================================================================
Date      Name                    Description of Change

$HISTORY$
============================================================================ -->
<EDAClientDef application="cadenceLib" className="com.teamcenter.edabase.lib.DefaultLibraryFactory" family="cadence">
    <PrimaryDataType datasetType="EDAComAllegro">        
    </PrimaryDataType>
    <LibraryDef SelectLibraryPathInImport="true" SyncLibrary="true" SyncDatabase="false"/>
    <CallbackDefs>
        <callback operation="exportLibrary" type="java" command="com.teamcenter.eda.allegro.connector.AllegroConnector:exportLibrary">
        </callback>
        <callback operation="importLibrary" type="java" command="com.teamcenter.eda.allegro.connector.AllegroConnector:importLibrary">
        </callback>
    <callback operation="setDesignReadOnly" type="script" command="set_design_folder_read_only.bat">
    </callback>
    <callback operation="setDesignCheckedOut" type="script" command="set_design_folder_writable.bat"> 
    </callback>        
    </CallbackDefs>
    <EDAGatewayDef>
    </EDAGatewayDef>
</EDAClientDef>

