<?xml version="1.0" encoding="UTF-8"?>
<!-- 
Copyright 2015 Siemens Product Lifecycle Management Software Inc. All Rights Reserved.
================================================================================
Copyright 2013.
Siemens Product Lifecycle Management Software Inc.
All Rights Reserved.
================================================================================
Copyright 2015 Siemens Product Lifecycle Management Software Inc. All Rights Reserved.
-->

<EDAClientDef application="cadenceADWLib" className="com.teamcenter.edabase.lib.DefaultLibraryFactory" family="cadenceADW">
    <LibraryDef SelectLibraryPathInImport="false" SyncLibrary="false" SyncDatabase="true"/>
    <CallbackDefs>
        <callback operation="configureMetadataDB" type="java" command="com.teamcenter.eda.cadenceadwlibcon_jni.CadenceADWLibConWrapper:configureMetadataDB">
        </callback>
        <callback operation="importMetadataDB" type="java" command="com.teamcenter.eda.cadenceadwlibcon_jni.CadenceADWLibConWrapper:importMetadataDB">
        </callback>
        <callback operation="exportMetadataDB" type="java" command="com.teamcenter.eda.cadenceadwlibcon_jni.CadenceADWLibConWrapper:exportMetadataDB">
        </callback> 		
    </CallbackDefs>
    <EDAGatewayDef>
    </EDAGatewayDef>
</EDAClientDef>

