<?xml version="1.0" encoding="UTF-8"?>
<EDAClientDef application="eplanLib" className="com.teamcenter.edabase.lib.DefaultLibraryFactory" family="EPLAN" preserveSession="true">
    <PrimaryDataType datasetType="EP2EDAEplan">        
    </PrimaryDataType>
    <LibraryDef SelectLibraryPathInImport="false" SyncLibrary="false" SyncDatabase="true"/>
    <CallbackDefs>        
        <callback operation="preExportLibrary" type="java" command="de.tesis.plmware.eda_eplan.EPLANLibAdapter:preExportLibrary">
        </callback>
        <callback operation="postExportLibrary" type="java" command="de.tesis.plmware.eda_eplan.EPLANLibAdapter:postExportLibrary101">
        </callback>
        <callback operation="configureMetadataDB" type="java" command="de.tesis.plmware.eda_eplan.EPLANLibAdapter:configureMetadataDB">
        </callback>        
    </CallbackDefs>
    <EDAGatewayDef>
    </EDAGatewayDef>
</EDAClientDef>