<?xml version="1.0" encoding="UTF-8"?>
<!-- 
Copyright 2015 Siemens Product Lifecycle Management Software Inc. All Rights Reserved.
================================================================================================

Copyright 2008.
Siemens Product Lifecycle Management Software Inc.
All Rights Reserved.
     
================================================================================================
Copyright 2015 Siemens Product Lifecycle Management Software Inc. All Rights Reserved.

This file defines an EDA configuration for the Expedition PCB tool
 
============================================================================ -->


<EDAClientDef
  application="expeditionPCB" family="expedition" enableVariants="false" enableOpenRelatedDatasets="false"
  className="com.teamcenter.edabase.dual.DualEDAPcbFactory" enableDoNotKeep="true" >
  <PrimaryDataType name="pcb" datasetType="EDADesExpBrd">
      <RootLevel>1</RootLevel>
      <Include>brd/*</Include>
  </PrimaryDataType>
  <RelatedDataType name="schematic" datasetType="EDADesExpSch">
      <RootLevel>1</RootLevel>
      <Include>sch/*</Include>
  </RelatedDataType>
  
  <IntermediateDataType name="pcbCad" datasetType="EDAGenPCBCAD"/>
  <ViewableDataType name="xfatf" datasetType="PCBFATF"/>
  <IssueAttachmentsDataType name="idx" datasetType="EDAIdf" />
  
  <PreferenceDefs/>

  <CallbackDefs>
    <callback operation="extractCADFromPCB" type="script" command="expeditionPCB_getcadfile.bat"/>
    <callback operation="setDesignReadOnly" type="script" command="set_design_folder_read_only.bat"/>
    <callback operation="setDesignCheckedOut" type="script" command="set_design_folder_writable.bat"/>
    <callback operation="openDesign" type="script" command="expeditionPCB_opendesign.bat"/>
    <callback operation="reOpenDesign" type="script" command="expeditionPCB_reopendesign.bat"/>
    <callback operation="closeECAD" type="script" command="expeditionPCB_close.bat"/>
  </CallbackDefs>
  
  <TranslatorDef type="xfatf" translator="xpdition"/>
  
  <EDAGatewayDef/>
  
</EDAClientDef>
