<?xml version="1.0" encoding="UTF-8"?>
<!-- 
Copyright 2015 Siemens Product Lifecycle Management Software Inc. All Rights Reserved.
================================================================================================

Copyright 2008.
Siemens Product Lifecycle Management Software Inc.
All Rights Reserved.
     
================================================================================================
Copyright 2015 Siemens Product Lifecycle Management Software Inc. All Rights Reserved.

This file defines an EDA configuration for DXDesign, the Expedition schematic tool
 
============================================================================ -->

<EDAClientDef
    application="expeditionSch" family="expedition" enableVariants="false" enableOpenRelatedDatasets="false"
    className="com.teamcenter.edabase.dual.DualEDASchematicFactory" enableDoNotKeep="true" >
    <PrimaryDataType name="schematic" datasetType="EDADesExpSch">
        <RootLevel>1</RootLevel>
        <Include>sch/*</Include>
    </PrimaryDataType>
    <RelatedDataType name="pcb" datasetType="EDADesExpBrd">
        <RootLevel>1</RootLevel>
        <Include>brd/*</Include>
    </RelatedDataType>
   
   <IntermediateDataType name="schCad" datasetType="EDAGenSchem"/>
   <ViewableDataType name="xsch" datasetType="SCHFATF"/>
   
  <PreferenceDefs/>

  <CallbackDefs>
    <callback operation="extractCADFromSchematic" type="script" command="expeditionSch_getcadfile.bat"/>
    <callback operation="setDesignReadOnly" type="script" command="set_design_folder_read_only.bat"/>
    <callback operation="setDesignCheckedOut" type="script" command="set_design_folder_writable.bat"/>
    <callback operation="openDesign" type="script" command="expeditionSch_opendesign.bat"/>
    <callback operation="reOpenDesign" type="script" command="expeditionSch_reopendesign.bat"/>
    <callback operation="closeECAD" type="script" command="expeditionSch_close.bat"/>
  </CallbackDefs>
   
  <TranslatorDef type="xsch" translator="edif200"/>

  <EDAGatewayDef/>
    
</EDAClientDef>
