<?xml version="1.0" encoding="UTF-8"?>
<!-- ==========================================================================

         Copyright (c) 2007 Unigraphics Solutions Inc.
               Unpublished - All rights reserved

   THIS PROGRAM IS AN UNPUBLISHED WORK FULLY PROTECTED BY THE UNITED STATES
  COPYRIGHT LAWS AND IS CONSIDERED A TRADE SECRET BELONGING TO THE COPYRIGHT
                           HOLDER.

===============================================================================
Date               Name                    Description of Change
03-Nov-2010        zhangl                  Move PADS from embedded mode to gateway
19-12-2010         Kai Liang               Merge
$HISTORY$
============================================================================ -->
<EDAClientDef application="mentorPadsLib" className="com.teamcenter.edabase.lib.DefaultLibraryFactory" family="pads">
    <PrimaryDataType datasetType="EDAComPADS">        
    </PrimaryDataType>
    <LibraryDef SelectLibraryPathInImport="true" SyncLibrary="true" SyncDatabase="false"/>
    <CallbackDefs>
        <callback operation="exportLibrary" type="java" command="com.teamcenter.eda.mentorpadslibcon_jni.MentorPADSLibConWrapper:exportLibrary" />
        <callback operation="importLibrary" type="java" command="com.teamcenter.eda.mentorpadslibcon_jni.MentorPADSLibConWrapper:importLibrary" />
        <callback operation="configureLibraryPath" type="java" command="com.teamcenter.eda.mentorpadslibcon_jni.MentorPADSLibConWrapper:configureLibraryPath" />
        <callback operation="setDesignReadOnly" type="script" command="set_design_folder_read_only.bat" />
        <callback operation="setDesignCheckedOut" type="script" command="set_design_folder_writable.bat" />
    </CallbackDefs>
    <EDAGatewayDef>
    </EDAGatewayDef>
</EDAClientDef>
