<?xml version="1.0" encoding="UTF-8"?>
<!-- ==========================================================================

         Copyright (c) 2007 Unigraphics Solutions Inc.
               Unpublished - All rights reserved

   THIS PROGRAM IS AN UNPUBLISHED WORK FULLY PROTECTED BY THE UNITED STATES
  COPYRIGHT LAWS AND IS CONSIDERED A TRADE SECRET BELONGING TO THE COPYRIGHT
                           HOLDER.

===============================================================================
Date      Name                    Description of Change

$HISTORY$
============================================================================ -->
<EDAClientDef application="mentorExpLib" className="com.teamcenter.edabase.lib.DefaultLibraryFactory" family="expedition">
    <PrimaryDataType datasetType="EDAComExpedition">
    </PrimaryDataType>
    <LibraryDef SelectLibraryPathInImport="true" SyncLibrary="true" SyncDatabase="true" Extension="*.lmc"/>
    <CallbackDefs>
        <callback operation="exportLibrary" type="java" command="com.teamcenter.eda.mentorexplibcon_jni.MentorExpLibConWrapper:exportLibrary">
        </callback>
        <callback operation="importLibrary" type="java" command="com.teamcenter.eda.mentorexplibcon_jni.MentorExpLibConWrapper:importLibrary">
        </callback>
        <callback operation="configureMetadataDB" type="java" command="com.teamcenter.eda.odbccon_jni.ODBCConWrapper:configureMetadataDB">
        </callback>
        <callback operation="importMetadataDB" type="java" command="com.teamcenter.eda.odbccon_jni.ODBCConWrapper:importMetadataDB">
        </callback>
        <callback operation="exportMetadataDB" type="java" command="com.teamcenter.eda.odbccon_jni.ODBCConWrapper:exportMetadataDB">
        </callback>
    <callback operation="setDesignReadOnly" type="script" command="set_design_folder_read_only.bat">
    </callback>
    <callback operation="setDesignCheckedOut" type="script" command="set_design_folder_writable.bat"> 
    </callback>
    </CallbackDefs>
    <EDAGatewayDef>
    </EDAGatewayDef>
</EDAClientDef>
