<?xml version="1.0" encoding="UTF-8"?>
<!-- 
Copyright 2015 Siemens Product Lifecycle Management Software Inc. All Rights Reserved.
================================================================================================

Copyright 2008.
Siemens Product Lifecycle Management Software Inc.
All Rights Reserved.
     
================================================================================================
Copyright 2015 Siemens Product Lifecycle Management Software Inc. All Rights Reserved.

This file defines an EDA configuration for Capture, the OrCAD schematic tool
 
============================================================================ -->

<EDAClientDef
    application="orcadCapture" family="orcad" enableVariants="false" enableOpenRelatedDatasets="false"
    className="com.teamcenter.edabase.dual.DualEDASchematicFactory" enableDoNotKeep="true" >
  <PrimaryDataType name="schematic" datasetType="EDADesOrcadSch" >
    <RootLevel>1</RootLevel>
    <Include>*/*</Include>
<!-- Support for separate simulation dataset -->
    <Exclude>*/*PSpiceFiles/*</Exclude>
    <Exclude>brd/*</Exclude>
  </PrimaryDataType>
  <RelatedDataType name="pcb" datasetType="EDADesOrcadBrd" >
    <RootLevel>1</RootLevel>
    <Include>brd/*</Include>
  </RelatedDataType>
<!-- Support for separate simulation dataset -->
  <RelatedDataType name="simulation" datasetType="EDADesOrcadSim" >
    <RootLevel>2</RootLevel>
    <Include>*/*PSpiceFiles/*</Include>
    <Exclude>brd/*</Exclude>
  </RelatedDataType>

  <IntermediateDataType name="schCad" datasetType="EDAGenSchem" />
  <ViewableDataType name="xsch" datasetType="SCHFATF" />


  <PreferenceDefs>
  </PreferenceDefs>

  <CallbackDefs>
    <callback operation="setDesignReadOnly" type="script" command="set_design_folder_read_only.bat" />
    <callback operation="setDesignCheckedOut" type="script" command="set_design_folder_writable.bat" />
    <callback operation="openDesign" type="script" command="orcadcapture_opendesign.bat" />
    <callback operation="reOpenDesign" type="script" command="orcadcapture_reopendesign.bat" />
    <callback operation="closeECAD" type="script" command="orcadcapture_close.bat" />
  </CallbackDefs>

  <TranslatorDef type="xsch" translator="edif200" />

  <EDAGatewayDef />

</EDAClientDef>
