<?xml version="1.0" encoding="UTF-8"?>
<!-- 
Copyright 2015 Siemens Product Lifecycle Management Software Inc. All Rights Reserved.
================================================================================================

Copyright 2008.
Siemens Product Lifecycle Management Software Inc.
All Rights Reserved.
     
================================================================================================
Copyright 2015 Siemens Product Lifecycle Management Software Inc. All Rights Reserved.

This file defines an EDA configuration for Layout, the OrCAD PCB tool
 
============================================================================ -->

<EDAClientDef
    application="orcadLayout" family="orcad" enableVariants="false" enableOpenRelatedDatasets="false"
    className="com.teamcenter.edabase.dual.DualEDAPcbFactory" enableDoNotKeep="true" >
  <PrimaryDataType name="pcb" datasetType="EDADesOrcadBrd" >
    <RootLevel>1</RootLevel>
    <Include>brd/*</Include>
  </PrimaryDataType>
  <RelatedDataType name="schematic" datasetType="EDADesOrcadSch" >
    <RootLevel>1</RootLevel>
    <Include>*/*</Include>
<!-- Support for separate simulation dataset -->
    <Exclude>*/*PSpiceFiles/*</Exclude>
    <Exclude>brd/*</Exclude>
  </RelatedDataType>
<!-- Support for separate simulation dataset -->
  <RelatedDataType name="simulation" datasetType="EDADesOrcadSim" >
    <RootLevel>2</RootLevel>
    <Include>*/*PSpiceFiles/*</Include>
    <Exclude>brd/*</Exclude>
  </RelatedDataType>

  <IntermediateDataType name="pcbCad" datasetType="EDAGenPCBCAD" />
  <ViewableDataType name="xfatf" datasetType="PCBFATF" />

  <PreferenceDefs>
  </PreferenceDefs>

  <CallbackDefs>
    <callback operation="extractCADFromPCB" type="script" command="orcadlayout_getcadfile.bat" />
    <callback operation="setDesignReadOnly" type="script" command="set_design_folder_read_only.bat" />
    <callback operation="setDesignCheckedOut" type="script" command="set_design_folder_writable.bat" />
    <callback operation="openDesign" type="script" command="orcadlayout_opendesign.bat" />
    <callback operation="reOpenDesign" type="script" command="orcadlayout_reopendesign.bat" />
    <callback operation="closeECAD" type="script" command="orcadlayout_close.bat" />
  </CallbackDefs>

  <TranslatorDef type="xfatf" translator="orcadw" />

  <EDAGatewayDef />

</EDAClientDef>
