<?xml version="1.0" encoding="UTF-8"?>
<!-- 
Copyright 2015 Siemens Product Lifecycle Management Software Inc. All Rights Reserved.
================================================================================================

Copyright 2008.
Siemens Product Lifecycle Management Software Inc.
All Rights Reserved.
     
================================================================================================
Copyright 2015 Siemens Product Lifecycle Management Software Inc. All Rights Reserved.

This file defines an EDA configuration for OrCAD PSpice, the OrCAD simulation tool
 
============================================================================ -->

<EDAClientDef
    application="orcadPSpice" family="orcad" enableVariants="false" enableOpenRelatedDatasets="false"
    className="com.teamcenter.edabase.DefaultEDAFactory" enableDoNotKeep="true" >
  <PrimaryDataType name="simulation" datasetType="EDADesOrcadSim" >
    <RootLevel>2</RootLevel>
    <Include>*/*PSpiceFiles/*</Include>
    <Exclude>brd/*</Exclude>
  </PrimaryDataType>
  <RelatedDataType name="schematic" datasetType="EDADesOrcadSch" >
    <RootLevel>1</RootLevel>
    <Include>*/*</Include>
    <Exclude>*/*PSpiceFiles/*</Exclude>
    <Exclude>brd/*</Exclude>
  </RelatedDataType>
  <RelatedDataType name="pcb" datasetType="EDADesOrcadBrd" >
    <RootLevel>1</RootLevel>
    <Include>brd/*</Include>
  </RelatedDataType>

  <EDAGatewayDef />

</EDAClientDef>
