<?xml version="1.0" encoding="UTF-8"?>
<!--
Copyright 2015 Siemens Product Lifecycle Management Software Inc. All Rights Reserved.
================================================================================
Copyright 2015.
Siemens Product Lifecycle Management Software Inc.
All Rights Reserved.
================================================================================
Copyright 2015 Siemens Product Lifecycle Management Software Inc. All Rights Reserved.
-->
<!--
example schematic application definition file
-->

<EDAClientDef application              = "exampleSchematic"
              className                = "com.teamcenter.edabase.DefaultEDAFactory"
              family                   = "example"
              enableVariants           = "true"
              preserveSession          = "true"
              allowVariantNameAsItemId = "true"
              enableDoNotKeep          = "true" >

    <PrimaryDataType name="schematic" datasetType="EDADesExampleSch" >
         <Include>sd/*</Include>
    </PrimaryDataType>        

    <RelatedDataType name="pcb" datasetType="EDADesExampleBrd">
        <Include>bd/*</Include>
        <Include>pcb/*</Include> 
    </RelatedDataType>

    <RelatedDataType name="simulation" datasetType="EDADesExampleSim">
        <Include>hotstage/*</Include>  
    </RelatedDataType>

    <IntermediateDataType name="schCad" datasetType="EDAGenSchem" />
    <ViewableDataType     name="xsch"   datasetType="SCHFATF" />

    <PreferenceDefs>
    </PreferenceDefs>

    <CallbackDefs>
        <callback type="java" operation="postOpen"           command="com.teamcenter.edacallbacks.PostOpenCallback:openDS"/>
        <callback type="java" operation="preSaveAs"          command="com.teamcenter.edacallbacks.PreSaveAsCallback:createDerivedDataFile"/>
        <callback type="java" operation="preSAve"            command="com.teamcenter.edacallbacks.PreSaveCallback:checkCCAItemStatusForSave"/>
        <callback type="java" operation="nameDerivedItem"    command="com.teamcenter.edacallbacks.NameDerivedItemCallback:nameDerivedItem"/>
        <callback type="java" operation="nameDerivedDataset" command="com.teamcenter.edacallbacks.NameDerivedDatasetCallback:nameDerivedDataset"/>
    </CallbackDefs>

    <RdnAttrMapDefs>
        <!-- design attribute example 
        <RdnAttrDesign cadAttrName="Foobar" tcAttrName="<BOMLine property name or PS Occurrence Note property name>" isOccNote="<true or false depending on the specified Tc property type>"/>
        -->
        <!-- constant attribute example
        <RdnAttrConst  tcAttrName="< BOMLine property name or PS Occurrence Note property name>" isOccNote="<true or false depending on the specified Tc property type>" value="value0"/>
        -->
    </RdnAttrMapDefs>
   
    <TranslatorDef type="xsch" translator="edif200" />

</EDAClientDef>
