﻿<?xml version="1.0" encoding="UTF-8"?>
<!-- SVN: $Date: 2017-07-14 15:44:02 +0200 (Fri, 14 Jul 2017) $ $Revision: 403 $ -->
<!-- 
Copyright 2008 Siemens Product Lifecycle Management Software Inc. All Rights Reserved.
================================================================================================

Copyright 2008.
Siemens Product Lifecycle Management Software Inc.
All Rights Reserved.
     
================================================================================================
Copyright 2008 Siemens Product Lifecycle Management Software Inc. All Rights Reserved.

This is an EDA Gateway Schematic model configuration template
 
============================================================================ -->

<!-- in der ersten Zeile der EDAClientDef muss der Eintrag für application so wie der Name des Files hier sein-->

<EDAClientDef
    application="EPLAN" family="EPLAN" enableDoNotKeep="true" preserveSession="true" enableVariants="true" enableOpenRelatedDatasets="false"
    bomOptionModel="schematicOnly" className="com.teamcenter.edabase.dual.DualEDASchematicFactory">
  <PrimaryDataType name="combined" datasetType="EP2EDAEplan">
  <Exclude>*zw1.xml</Exclude>
  <Include>*.zw1</Include>
  </PrimaryDataType>
  
  <RdnAttrMapDefs>
    <RdnAttrDesign cadAttrName="Part number" tcAttrName="UG NAME" isOccNote="true" />
  <RdnAttrDesign cadAttrName="BMK_OC" tcAttrName="EP2RefDes" isOccNote="true" />
        <RdnAttrDesign cadAttrName="Number of units / quantity" tcAttrName="bl_quantity" isOccNote="true" />
  </RdnAttrMapDefs>
  <PreferenceDefs/>
 <CallbackDefs>

   <callback operation="postOpen" type="java" command="de.tesis.plmware.eda_eplan.EPLANAdapter:PostOpenCall"/>
   
   <callback operation="prePreSaveAs" type="java" command="de.tesis.plmware.eda_eplan.EPLANAdapter:PrePreSaveAsCall"/>
   <callback operation="postPreSaveAs" type="java" command="de.tesis.plmware.eda_eplan.EPLANAdapter:PostPreSaveAsCall"/>
   <callback operation="preSaveAs" type="java" command="de.tesis.plmware.eda_eplan.EPLANAdapter:PreSaveAsCall"/>
   <callback operation="postSaveAs" type="java" command="de.tesis.plmware.eda_eplan.EPLANAdapter:PostSaveAsCall"/>
   
   <callback operation="prePreRevise" type="java" command="de.tesis.plmware.eda_eplan.EPLANAdapter:PrePreReviseCall"/>
   <callback operation="preRevise" type="java" command="de.tesis.plmware.eda_eplan.EPLANAdapter:PreSaveCall"/>
   <callback operation="postRevise" type="java" command="de.tesis.plmware.eda_eplan.EPLANAdapter:PostReviseCall"/>

   <callback operation="prePreSave" type="java" command="de.tesis.plmware.eda_eplan.EPLANAdapter:PrePreSaveCall"/>
   <callback operation="preSave" type="java" command="de.tesis.plmware.eda_eplan.EPLANAdapter:PreSaveCall"/>

   <callback operation="prePreCheckin" type="java" command="de.tesis.plmware.eda_eplan.EPLANAdapter:PrePreSaveCall"/>
   <callback operation="preCheckin" type="java" command="de.tesis.plmware.eda_eplan.EPLANAdapter:PreSaveCall"/>
   <!-- <callback operation="postCheckin" type="java" command="de.tesis.plmware.eda_eplan.EPLANAdapter:PostCheckinCall"/> -->
   
   <callback operation="preCheckout" type="java" command="de.tesis.plmware.eda_eplan.EPLANAdapter:PreCheckOutCall"/>
   <callback operation="postCheckout" type="java" command="de.tesis.plmware.eda_eplan.EPLANAdapter:PostCheckOutCall"/>

   <callback operation="preRefresh" type="java" command="de.tesis.plmware.eda_eplan.EPLANAdapter:PreRefreshCall"/>
   <callback operation="postRefresh" type="java" command="de.tesis.plmware.eda_eplan.EPLANAdapter:PostRefreshCall"/>
   <!-- <callback operation="postRefresh" type="script" command="C:\UGS\eda\eda\scripts\E2E_custRefreshCallback.bat"/> -->
   
   <callback operation="postUncheckout" type="java" command="de.tesis.plmware.eda_eplan.EPLANAdapter:PostCancelCheckoutCall"/>

   <callback operation="preSaveDerivedData" type="java" command="de.tesis.plmware.eda_eplan.EPLANAdapter:PreSaveDerivedDataCall"/>
   <callback operation="postSaveDerivedData" type="java" command="de.tesis.plmware.eda_eplan.EPLANAdapter:PostSaveDerivedDataCall"/>
   
   <callback operation="postGetItemInfo" type="java" command="de.tesis.plmware.eda_eplan.EPLANAdapter:PostGetItemInfoCall"/>

   <!-- 
   It should not be necessary to change these callback definitions.
   For changing the derived data configuration, rather change the definition in eda_eplan.properties in CustomEDACallbacks.jar!
   If more than 10 derived data configs are required, you may add analogous definitions for callbacks up to index 100. 
   -->
   <callback operation="createDerivedData1" type="java" command="de.tesis.plmware.eda_eplan.DerivedDataCallbacks:Callback1"/>
   <callback operation="createDerivedData2" type="java" command="de.tesis.plmware.eda_eplan.DerivedDataCallbacks:Callback2"/>
   <callback operation="createDerivedData3" type="java" command="de.tesis.plmware.eda_eplan.DerivedDataCallbacks:Callback3"/>
   <callback operation="createDerivedData4" type="java" command="de.tesis.plmware.eda_eplan.DerivedDataCallbacks:Callback4"/>
   <callback operation="createDerivedData5" type="java" command="de.tesis.plmware.eda_eplan.DerivedDataCallbacks:Callback5"/>
   <callback operation="createDerivedData6" type="java" command="de.tesis.plmware.eda_eplan.DerivedDataCallbacks:Callback6"/>
   <callback operation="createDerivedData7" type="java" command="de.tesis.plmware.eda_eplan.DerivedDataCallbacks:Callback7"/>
   <callback operation="createDerivedData8" type="java" command="de.tesis.plmware.eda_eplan.DerivedDataCallbacks:Callback8"/>
   <callback operation="createDerivedData9" type="java" command="de.tesis.plmware.eda_eplan.DerivedDataCallbacks:Callback9"/>
   <callback operation="createDerivedData10" type="java" command="de.tesis.plmware.eda_eplan.DerivedDataCallbacks:Callback10"/>

  </CallbackDefs>


  <EDAGatewayDef>
  </EDAGatewayDef>
</EDAClientDef>
