<?xml version="1.0" encoding="UTF-8"?>
<!-- SVN: $Date: 2017-10-06 13:35:47 +0200 (Fri, 06 Oct 2017) $ $Revision: 444 $ -->
<Mapper_Control_File copyUnMapped="false">
    <configuration>
        <source>
          <param name="gsIdentityIndirectionInSource" value="True"/> 
          <param name="gsIdentityIndirectionInTarget" value="True"/>
      </source>
        <target>
          <param name="gsIdentityIndirectionInSource" value="False"/> 
          <param name="gsIdentityIndirectionInTarget" value="False"/>
          <!-- uncomment the following lines for classification mapping;                          -->
          <!--    See documentation on how to setup the classification lookup table               -->
          <!-- param name="lookup.table.1.csv.skip.headers" value="true"                          -->
          <!-- param name="lookup.table.1.separator" value="|"                                    -->
          <!-- param name="lookup.table.1.match.wildcard" value="*"                               -->
          <!-- param name="lookup.table.1.elements" value="component"                             -->
          <!-- param name="lookup.table.1.attribute.name" value="category"                        -->
          <!-- param name="lookup.table.1.file.name" value="c:/mytcdata/datamapper/tc2eda.csv"    -->
          <!-- param name="lookup.table.1.number.of.keys" value="1"                               -->
          <!-- param name="lookup.table.1.number.of.output.values" value="1"                      -->
          <!-- param name="lookup.table.1.attributes.to.set" value="category"                     -->
      </target>
    </configuration>
    <TcFactor depth="0" factorId="25" importKey="elemId" name="EP2Part">
        <FilteringRules xmlns:ns="http://www.tcxml.org/Schemas/TCXMLSchema" gsIdentityNamespace="http://www.tcxml.org/Schemas/TCXMLSchema" types="closure_rule">
            <Filter id="1" isMultiple="false" isRequired="false" parentClause="0" primaryAttr="elemId" primaryElem="EP2Part" primaryXPath="/ns:TCXML/ns:EP2Part/@elemId"/>
            <Filter id="2" isMultiple="true" isRequired="false" parentClause="1" primaryAttr="revision_list" primaryElem="EP2Part" primaryXPath="/ns:TCXML/ns:EP2Part/@revision_list" secondaryAttr="elemId" secondaryElem="EP2PartRevision" secondaryXPath="/ns:TCXML/ns:EP2PartRevision/@elemId"/>
            <Filter id="3" isMultiple="false" isRequired="false" parentClause="2" primaryAttr="structure_revisions" primaryElem="EP2PartRevision" primaryXPath="/ns:TCXML/ns:EP2PartRevision/@structure_revisions" secondaryAttr="elemId" secondaryElem="BOMView--Revision" secondaryXPath="/ns:TCXML/ns:BOMView--Revision/@elemId"/>
            <Filter id="4" isMultiple="false" isRequired="false" parentClause="3" primaryAttr="elemId" primaryElem="BOMView--Revision" primaryXPath="/ns:TCXML/ns:BOMView--Revision/@elemId" secondaryAttr="parent_bvr" secondaryElem="PSOccurrence" secondaryXPath="/ns:TCXML/ns:PSOccurrence/@parent_bvr"/>
            <Filter id="5" isMultiple="true" isRequired="false" parentClause="4" primaryAttr="child_item" primaryElem="PSOccurrence" primaryXPath="/ns:TCXML/ns:PSOccurrence/@child_item" secondaryAttr="elemId" secondaryElem="EDASymbol" secondaryXPath="/ns:TCXML/ns:EDASymbol/@elemId"/>
            <Filter id="6" isMultiple="false" isRequired="false" parentClause="2" primaryAttr="elemId" primaryElem="EP2PartRevision" primaryXPath="/ns:TCXML/ns:EP2PartRevision/@elemId" secondaryAttr="primary_object" secondaryElem="IMAN_classification" secondaryXPath="/ns:TCXML/ns:IMAN_classification/@primary_object"/>
            <Filter id="7" isMultiple="false" isRequired="false" parentClause="6" primaryAttr="secondary_object" primaryElem="IMAN_classification" primaryXPath="/ns:TCXML/ns:IMAN_classification/@secondary_object" secondaryAttr="elemId" secondaryElem="icm0" secondaryXPath="/ns:TCXML/ns:icm0/@elemId"/>
            <Filter id="8" isMultiple="true" isRequired="false" parentClause="4" primaryAttr="child_item" primaryElem="PSOccurrence" primaryXPath="/ns:TCXML/ns:PSOccurrence/@child_item" secondaryAttr="elemId" secondaryElem="EDAPackage" secondaryXPath="/ns:TCXML/ns:EDAPackage/@elemId"/>
            <Filter id="9" isMultiple="false" isRequired="false" parentClause="4" primaryAttr="child_item" primaryElem="PSOccurrence" primaryXPath="/ns:TCXML/ns:PSOccurrence/@child_item" secondaryAttr="elemId" secondaryElem="EDAFootprint" secondaryXPath="/ns:TCXML/ns:EDAFootprint/@elemId"/>
            <Filter id="10" isMultiple="true" isRequired="false" parentClause="1" primaryAttr="release_status_list" primaryElem="EP2Part" primaryXPath="/ns:TCXML/ns:EP2Part/@release_status_list" secondaryAttr="elemId" secondaryElem="ReleaseStatus" secondaryXPath="/ns:TCXML/ns:ReleaseStatus[@name='Obsolete']/@elemId"/>
            <Filter id="11" isMultiple="false" isRequired="false" parentClause="2" primaryAttr="structure_revisions" primaryElem="EP2PartRevision" primaryXPath="/ns:TCXML/ns:EP2PartRevision/@structure_revisions" secondaryAttr="elemId" secondaryElem="PSBOMViewRevision" secondaryXPath="/ns:TCXML/ns:PSBOMViewRevision/@elemId"/>
            <Filter id="12" isMultiple="false" isRequired="false" parentClause="11" primaryAttr="elemId" primaryElem="PSBOMViewRevision" primaryXPath="/ns:TCXML/ns:PSBOMViewRevision/@elemId" secondaryAttr="parent_bvr" secondaryElem="PSOccurrence" secondaryXPath="/ns:TCXML/ns:PSOccurrence/@parent_bvr"/>
            <Filter id="13" isMultiple="true" isRequired="false" parentClause="12" primaryAttr="child_item" primaryElem="PSOccurrence" primaryXPath="/ns:TCXML/ns:PSOccurrence/@child_item" secondaryAttr="elemId" secondaryElem="EDASymbol" secondaryXPath="/ns:TCXML/ns:EDASymbol/@elemId"/>
            <Filter id="14" isMultiple="true" isRequired="false" parentClause="12" primaryAttr="child_item" primaryElem="PSOccurrence" primaryXPath="/ns:TCXML/ns:PSOccurrence/@child_item" secondaryAttr="elemId" secondaryElem="EDAPackage" secondaryXPath="/ns:TCXML/ns:EDAPackage/@elemId"/>
            <Filter id="15" isMultiple="false" isRequired="false" parentClause="12" primaryAttr="child_item" primaryElem="PSOccurrence" primaryXPath="/ns:TCXML/ns:PSOccurrence/@child_item" secondaryAttr="elemId" secondaryElem="EDAFootprint" secondaryXPath="/ns:TCXML/ns:EDAFootprint/@elemId"/>
        </FilteringRules>
        <TransformDefinition>
            <xsl:stylesheet xmlns="http://www.plmxml.org/Schemas/ecadlib" xmlns:fn="http://www.w3.org/2005/xpath-functions" xmlns:n="http://www.plmxml.org/Schemas/ecadlib" xmlns:n2="http://www.tcxml.org/Schemas/TCXMLSchema" xmlns:xs="http://www.w3.org/2001/XMLSchema" xmlns:xsi="http://www.w3.org/2001/XMLSchema-instance" xmlns:xsl="http://www.w3.org/1999/XSL/Transform" exclude-result-prefixes="fn n2 xs xsi xsl" version="2.0">
    <xsl:namespace-alias result-prefix="#default" stylesheet-prefix="n"/>
    <xsl:output encoding="UTF-8" indent="yes" method="xml"/>
                <xsl:template match="/n2:TCXML">
        <n:edaLib>
            <xsl:attribute name="xsi:schemaLocation">
                <xsl:sequence select="'http://www.plmxml.org/Schemas/ecadlib D:/unit/LibMgmt/edalib_map/TcPLMXMLToedalib/Factor/EP2Part/TargetSchema.xsd'"/>
            </xsl:attribute>
            <xsl:for-each select="n2:TcFactor">
                <n:TcFactor>
                    <xsl:for-each select="@depth">
                        <xsl:attribute name="depth">
                            <xsl:sequence select="xs:string(.)"/>
                        </xsl:attribute>
                    </xsl:for-each>
                    <xsl:for-each select="@factorId">
                        <xsl:attribute name="factorId">
                            <xsl:sequence select="xs:string(.)"/>
                        </xsl:attribute>
                    </xsl:for-each>
                    <xsl:for-each select="@name">
                        <xsl:attribute name="name">
                            <xsl:sequence select="xs:string(.)"/>
                        </xsl:attribute>
                    </xsl:for-each>
                    <xsl:for-each select="@version">
                        <xsl:attribute name="version">
                            <xsl:sequence select="xs:string(.)"/>
                        </xsl:attribute>
                    </xsl:for-each>
                    <n:component>
                        <xsl:for-each select="n2:icm0">
                            <xsl:for-each select="@cid">
                                <xsl:attribute name="category">
                                    <xsl:sequence select="xs:string(.)"/>
                                </xsl:attribute>
                            </xsl:for-each>
                        </xsl:for-each>
                        <xsl:for-each select="n2:EP2Part">
                            <xsl:for-each select="@item_id">
                                <xsl:attribute name="itemId">
                                    <xsl:sequence select="xs:string(.)"/>
                                </xsl:attribute>
                            </xsl:for-each>
                        </xsl:for-each>
                        <xsl:for-each select="n2:EP2Part">
                            <xsl:for-each select="n2:GSIdentity">
                                <xsl:for-each select="@label">
                                    <xsl:attribute name="label">
                                        <xsl:sequence select="xs:string(.)"/>
                                    </xsl:attribute>
                                </xsl:for-each>
                            </xsl:for-each>
                        </xsl:for-each>
                        <xsl:for-each select="n2:EP2Part">
                            <xsl:for-each select="@object_name">
                                <xsl:attribute name="name">
                                    <xsl:sequence select="xs:string(.)"/>
                                </xsl:attribute>
                            </xsl:for-each>
                        </xsl:for-each>
                        <xsl:for-each select="n2:EP2PartRevision">
                            <xsl:for-each select="@item_revision_id">
                                <xsl:attribute name="revision">
                                    <xsl:sequence select="xs:string(.)"/>
                                </xsl:attribute>
                            </xsl:for-each>
                        </xsl:for-each>
                        <xsl:variable as="xs:boolean" name="Vvar6_exists">
                            <xsl:variable as="xs:boolean*" name="ExistsResult">
                                <xsl:for-each select="n2:EDASymbol">
                                    <xsl:value-of select="true()"/>
                                </xsl:for-each>
                            </xsl:variable>
                            <xsl:value-of select="fn:exists($ExistsResult)"/>
                        </xsl:variable>
                        <xsl:variable as="xs:string" name="Vvar7_cond">
                            <xsl:choose>
                                <xsl:when test="($Vvar6_exists)=true()">
                                    <xsl:variable as="xs:string*" name="Vvar6_exists_when">
                                        <xsl:for-each select="n2:EDASymbol">
                                            <xsl:for-each select="@elemId">
                                                <xsl:variable as="xs:string" name="Vvar8_result" select="fn:concat(xs:string(.), ' ')"/>
                                                <xsl:sequence select="$Vvar8_result"/>
                                            </xsl:for-each>
                                        </xsl:for-each>
                                    </xsl:variable>
                                    <xsl:sequence select="if (fn:exists($Vvar6_exists_when)) then xs:string(fn:string-join(for $i in $Vvar6_exists_when return fn:string($i),'')) else ()"/>
                                </xsl:when>
                                <xsl:otherwise>
                                    <xsl:variable as="xs:string*" name="Vvar6_exists_otherwise">
                                        <xsl:sequence select="' '"/>
                                    </xsl:variable>
                                    <xsl:sequence select="if (fn:exists($Vvar6_exists_otherwise)) then xs:string(fn:string-join(for $i in $Vvar6_exists_otherwise return fn:string($i),'')) else ()"/>
                                </xsl:otherwise>
                            </xsl:choose>
                        </xsl:variable>
                        <xsl:variable as="xs:boolean" name="Vvar9_exists">
                            <xsl:variable as="xs:boolean*" name="ExistsResult1">
                                <xsl:for-each select="n2:EDAPackage">
                                    <xsl:value-of select="true()"/>
                                </xsl:for-each>
                            </xsl:variable>
                            <xsl:value-of select="fn:exists($ExistsResult1)"/>
                        </xsl:variable>
                        <xsl:variable as="xs:string" name="Vvar10_cond">
                            <xsl:choose>
                                <xsl:when test="($Vvar9_exists)=true()">
                                    <xsl:variable as="xs:string*" name="Vvar9_exists_when">
                                        <xsl:for-each select="n2:EDAPackage">
                                            <xsl:for-each select="@elemId">
                                                <xsl:variable as="xs:string" name="Vvar11_result" select="fn:concat(xs:string(.), ' ')"/>
                                                <xsl:sequence select="$Vvar11_result"/>
                                            </xsl:for-each>
                                        </xsl:for-each>
                                    </xsl:variable>
                                    <xsl:sequence select="if (fn:exists($Vvar9_exists_when)) then xs:string(fn:string-join(for $i in $Vvar9_exists_when return fn:string($i),'')) else ()"/>
                                </xsl:when>
                                <xsl:otherwise>
                                    <xsl:variable as="xs:string*" name="Vvar9_exists_otherwise">
                                        <xsl:sequence select="' '"/>
                                    </xsl:variable>
                                    <xsl:sequence select="if (fn:exists($Vvar9_exists_otherwise)) then xs:string(fn:string-join(for $i in $Vvar9_exists_otherwise return fn:string($i),'')) else ()"/>
                                </xsl:otherwise>
                            </xsl:choose>
                        </xsl:variable>
                        <xsl:variable as="xs:boolean" name="Vvar12_exists">
                            <xsl:variable as="xs:boolean*" name="ExistsResult2">
                                <xsl:for-each select="n2:EDAFootprint">
                                    <xsl:value-of select="true()"/>
                                </xsl:for-each>
                            </xsl:variable>
                            <xsl:value-of select="fn:exists($ExistsResult2)"/>
                        </xsl:variable>
                        <xsl:variable as="xs:string" name="Vvar13_cond">
                            <xsl:choose>
                                <xsl:when test="($Vvar12_exists)=true()">
                                    <xsl:variable as="xs:string*" name="Vvar12_exists_when">
                                        <xsl:for-each select="n2:EDAFootprint">
                                            <xsl:for-each select="@elemId">
                                                <xsl:variable as="xs:string" name="Vvar14_result" select="fn:concat(xs:string(.), ' ')"/>
                                                <xsl:sequence select="$Vvar14_result"/>
                                            </xsl:for-each>
                                        </xsl:for-each>
                                    </xsl:variable>
                                    <xsl:sequence select="if (fn:exists($Vvar12_exists_when)) then xs:string(fn:string-join(for $i in $Vvar12_exists_when return fn:string($i),'')) else ()"/>
                                </xsl:when>
                                <xsl:otherwise>
                                    <xsl:variable as="xs:string*" name="Vvar12_exists_otherwise">
                                        <xsl:sequence select="' '"/>
                                    </xsl:variable>
                                    <xsl:sequence select="if (fn:exists($Vvar12_exists_otherwise)) then xs:string(fn:string-join(for $i in $Vvar12_exists_otherwise return fn:string($i),'')) else ()"/>
                                </xsl:otherwise>
                            </xsl:choose>
                        </xsl:variable>
                        <xsl:variable as="xs:string" name="Vvar15_result" select="fn:concat($Vvar7_cond, $Vvar10_cond)"/>
                        <xsl:variable as="xs:string" name="Vvar16_result" select="fn:concat($Vvar15_result, $Vvar13_cond)"/>
                        <xsl:variable as="xs:string" name="Vvar17_result" select="fn:normalize-space($Vvar16_result)"/>
                        <xsl:attribute name="shapes">
                            <xsl:sequence select="$Vvar17_result"/>
                        </xsl:attribute>
                        <xsl:variable as="xs:boolean" name="Vvar18_exists">
                            <xsl:variable as="xs:boolean*" name="ExistsResult3">
                                <xsl:for-each select="n2:ReleaseStatus">
                                    <xsl:value-of select="true()"/>
                                </xsl:for-each>
                            </xsl:variable>
                            <xsl:value-of select="fn:exists($ExistsResult3)"/>
                        </xsl:variable>
                        <xsl:for-each select="n2:ReleaseStatus">
                            <xsl:for-each select="@name">
                                <xsl:variable as="xs:decimal" name="Vvar19_result" select="fn:compare(xs:string(.), 'Obsolete')"/>
                                <xsl:variable as="xs:boolean" name="Vvar22_exists">
                                    <xsl:variable as="xs:boolean*" name="ExistsResult4">
                                        <xsl:if test="(if (($Vvar18_exists) and (($Vvar19_result) = (0)) castable as xs:boolean) then xs:boolean(($Vvar18_exists) and (($Vvar19_result) = (0))) else if ( ($Vvar18_exists) and (($Vvar19_result) = (0)) castable as xs:double ) then fn:boolean( fn:number(($Vvar18_exists) and (($Vvar19_result) = (0))) ) else fn:boolean(($Vvar18_exists) and (($Vvar19_result) = (0)) ))=true()">
                                            <xsl:value-of select="true()"/>
                                        </xsl:if>
                                    </xsl:variable>
                                    <xsl:value-of select="fn:exists($ExistsResult4)"/>
                                </xsl:variable>
                                <xsl:if test="($Vvar22_exists)=true()">
                                    <xsl:attribute name="obsolete">
                                        <xsl:sequence select="($Vvar18_exists) and (($Vvar19_result) = (0))"/>
                                    </xsl:attribute>
                                </xsl:if>
                            </xsl:for-each>
                        </xsl:for-each>
                        <xsl:for-each select="n2:EP2Part">
                            <xsl:for-each select="@elemId">
                                <xsl:attribute name="objId">
                                    <xsl:sequence select="xs:string(.)"/>
                                </xsl:attribute>
                            </xsl:for-each>
                        </xsl:for-each>
                        <xsl:for-each select="n2:EP2PartRevision">
                            <xsl:for-each select="@cad_attr_values">
                                <xsl:attribute name="cadAttrValues">
                                    <xsl:sequence select="xs:string(.)"/>
                                </xsl:attribute>
                            </xsl:for-each>
                        </xsl:for-each>
                        <xsl:for-each select="n2:EP2PartRevision">
                            <xsl:for-each select="@cad_attr_names">
                                <xsl:attribute name="cadAttrNames">
                                    <xsl:sequence select="xs:string(.)"/>
                                </xsl:attribute>
                            </xsl:for-each>
                        </xsl:for-each>
                    </n:component>
                </n:TcFactor>
            </xsl:for-each>
        </n:edaLib>
    </xsl:template>
</xsl:stylesheet>
        </TransformDefinition>
    </TcFactor>
    <TcFactor depth="0" factorId="31" importKey="elemId" name="POM_imc">
        <FilteringRules xmlns:ns="http://www.tcxml.org/Schemas/TCXMLSchema" gsIdentityNamespace="http://www.tcxml.org/Schemas/TCXMLSchema" types="closure_rule">
            <Filter id="1" isMultiple="false" isRequired="false" parentClause="0" primaryAttr="elemId" primaryElem="POM_imc" primaryXPath="/ns:TCXML/ns:POM_imc/@elemId"/>
        </FilteringRules>
        <TransformDefinition>
            <xsl:stylesheet xmlns="http://www.plmxml.org/Schemas/ecadlib" xmlns:fn="http://www.w3.org/2005/xpath-functions" xmlns:n="http://www.plmxml.org/Schemas/ecadlib" xmlns:n2="http://www.tcxml.org/Schemas/TCXMLSchema" xmlns:xs="http://www.w3.org/2001/XMLSchema" xmlns:xsi="http://www.w3.org/2001/XMLSchema-instance" xmlns:xsl="http://www.w3.org/1999/XSL/Transform" exclude-result-prefixes="fn n2 xs xsi xsl" version="2.0">
    <xsl:namespace-alias result-prefix="#default" stylesheet-prefix="n"/>
    <xsl:output encoding="UTF-8" indent="yes" method="xml"/>
                <xsl:template match="/n2:TCXML">
        <n:edaLib>
            <xsl:attribute name="xsi:schemaLocation">
                <xsl:sequence select="'http://www.plmxml.org/Schemas/ecadlib D:/unit/LibMgmt/edalib_map/TcPLMXMLToedalib/Factor/POM_imc/TargetSchema.xsd'"/>
            </xsl:attribute>
            <xsl:for-each select="n2:TcFactor">
                <n:TcFactor>
                    <xsl:for-each select="@depth">
                        <xsl:attribute name="depth">
                            <xsl:sequence select="xs:string(.)"/>
                        </xsl:attribute>
                    </xsl:for-each>
                    <xsl:for-each select="@factorId">
                        <xsl:attribute name="factorId">
                            <xsl:sequence select="xs:string(.)"/>
                        </xsl:attribute>
                    </xsl:for-each>
                    <xsl:for-each select="@elemId">
                        <xsl:attribute name="itemId">
                            <xsl:sequence select="xs:string(.)"/>
                        </xsl:attribute>
                    </xsl:for-each>
                    <xsl:for-each select="@name">
                        <xsl:attribute name="name">
                            <xsl:sequence select="xs:string(.)"/>
                        </xsl:attribute>
                    </xsl:for-each>
                    <xsl:for-each select="@version">
                        <xsl:attribute name="version">
                            <xsl:sequence select="xs:string(.)"/>
                        </xsl:attribute>
                    </xsl:for-each>
                    <n:library>
                        <xsl:variable as="xs:boolean" name="Vvar2_exists">
                            <xsl:variable as="xs:boolean*" name="ExistsResult">
                                <xsl:for-each select="n2:POM_imc">
                                    <xsl:for-each select="@name">
                                        <xsl:value-of select="true()"/>
                                    </xsl:for-each>
                                </xsl:for-each>
                            </xsl:variable>
                            <xsl:value-of select="fn:exists($ExistsResult)"/>
                        </xsl:variable>
                        <xsl:variable as="xs:string" name="Vvar3_cond">
                            <xsl:choose>
                                <xsl:when test="($Vvar2_exists)=true()">
                                    <xsl:variable as="xs:string*" name="Vvar2_exists_when">
                                        <xsl:for-each select="n2:POM_imc">
                                            <xsl:for-each select="@name">
                                                <xsl:sequence select="xs:string(.)"/>
                                            </xsl:for-each>
                                        </xsl:for-each>
                                    </xsl:variable>
                                    <xsl:sequence select="if (fn:exists($Vvar2_exists_when)) then xs:string(fn:string-join(for $i in $Vvar2_exists_when return fn:string($i),'')) else ()"/>
                                </xsl:when>
                                <xsl:otherwise>
                                    <xsl:variable as="xs:string*" name="Vvar2_exists_otherwise">
                                        <xsl:sequence select="''"/>
                                    </xsl:variable>
                                    <xsl:sequence select="if (fn:exists($Vvar2_exists_otherwise)) then xs:string(fn:string-join(for $i in $Vvar2_exists_otherwise return fn:string($i),'')) else ()"/>
                                </xsl:otherwise>
                            </xsl:choose>
                        </xsl:variable>
                        <xsl:attribute name="name">
                            <xsl:sequence select="$Vvar3_cond"/>
                        </xsl:attribute>
                        <xsl:for-each select="n2:POM_imc">
                            <xsl:for-each select="@site_id">
                                <xsl:attribute name="targetSiteId">
                                     <xsl:sequence select="xs:string(.)"/>
                                </xsl:attribute>
                            </xsl:for-each>
                        </xsl:for-each>
                        <xsl:for-each select="n2:POM_imc">
                            <xsl:for-each select="@elemId">
                                <xsl:attribute name="objId">
                                    <xsl:sequence select="xs:string(.)"/>
                                </xsl:attribute>
                            </xsl:for-each>
                        </xsl:for-each>
                    </n:library>
                </n:TcFactor>
            </xsl:for-each>
        </n:edaLib>
    </xsl:template>
</xsl:stylesheet>
        </TransformDefinition>
    </TcFactor>
</Mapper_Control_File>
