<?xml version="1.0" encoding="UTF-8"?>
<TcBusinessData xmlns="http://teamcenter.com/BusinessModel/TcBusinessData" Date="">
<Add>
   <TcClass className="EP2EDAEplan" parentClassName="Dataset" isExportable="true"
       isUninstantiable="false" isUninheritable="false" description=""/>
   <TcClass className="EP2PartMasterS" parentClassName="EDAComPartMaster" isExportable="false"
       isUninstantiable="false" isUninheritable="false" description="">
     <TcAttribute attributeName="ep2Description2" description="EPLAN Designation 2"
         attributeType="POM_long_string" maxStringLength="0" isArray="false" followOnExport="false"
         isNullsAllowed="true" isUnique="false" isPublicRead="true" isPublicWrite="true"
         isCandidateKey="false" isTransient="false" exportAsString="false" noBackpointer="false"
         initialValue="" lowerBoundValue="" upperBoundValue=""/>
     <TcAttribute attributeName="ep2TypeNumber" description="EPLAN Type Number" attributeType="POM_long_string"
         maxStringLength="0" isArray="false" followOnExport="false" isNullsAllowed="true"
         isUnique="false" isPublicRead="true" isPublicWrite="true" isCandidateKey="false"
         isTransient="false" exportAsString="false" noBackpointer="false" initialValue=""
         lowerBoundValue="" upperBoundValue=""/>
     <TcAttribute attributeName="ep2PartNumber" description="EPLAN Article Id" attributeType="POM_string"
         maxStringLength="256" isArray="false" followOnExport="false" isNullsAllowed="true"
         isUnique="false" isPublicRead="true" isPublicWrite="true" isCandidateKey="false"
         isTransient="false" exportAsString="false" noBackpointer="false" initialValue=""
         lowerBoundValue="" upperBoundValue=""/>
   </TcClass>
   <TcClass className="EP2PartRevMasterS" parentClassName="EDAComPartVerMaster" isExportable="false"
       isUninstantiable="false" isUninheritable="false" description=""/>
   <OperationInputType typeName="EP2EDAEplanCreI" parentTypeName="DatasetCreI" typeClassName="EP2EDAEplanCreI"
       description="CreateInput object for &quot;EP2EDAEplan&quot; business object"
       isAbstract="false" artifactName="EP2EDAEplanCreI"/>
   <OperationInputType typeName="EP2EDAEplanSvAI" parentTypeName="DatasetSvAI" typeClassName="EP2EDAEplanSvAI"
       description="SaveAsInput object for &quot;EP2EDAEplan&quot; business object"
       isAbstract="false" artifactName="EP2EDAEplan"/>
   <OperationInputType typeName="EP2PartCreI" parentTypeName="EDAComPartCreI" typeClassName="EP2PartCreI"
       description="CreateInput object for &quot;EP2Part&quot; business object" isAbstract="false"
       artifactName="EP2PartCreI"/>
   <OperationInputType typeName="EP2PartMasterCreI" parentTypeName="EDAComPart MasterCreI"
       typeClassName="EP2PartMasterCreI" description="CreateInput object for &quot;EP2PartMaster&quot; business object"
       isAbstract="false" artifactName="EP2PartMasterCreI"/>
   <OperationInputType typeName="EP2PartMasterSCreI" parentTypeName="EDAComPartMasterCreI"
       typeClassName="EP2PartMasterSCreI" description="CreateInput object for &quot;EP2PartMasterS&quot; business object"
       isAbstract="false" artifactName="EP2PartMasterSCreI"/>
   <OperationInputType typeName="EP2PartMasterSSvAI" parentTypeName="EDAComPartMasterSvAI"
       typeClassName="EP2PartMasterSSvAI" description="SaveAsInput object for &quot;EP2PartMasterS&quot; business object"
       isAbstract="false" artifactName="EP2PartMasterSSvAI"/>
   <OperationInputType typeName="EP2PartMasterSvAI" parentTypeName="EDAComPart MasterSvAI"
       typeClassName="EP2PartMasterSvAI" description="SaveAsInput object for &quot;EP2PartMaster&quot; business object"
       isAbstract="false" artifactName="EP2PartMasterSvAI"/>
   <OperationInputType typeName="EP2PartRevMasterSCreI" parentTypeName="EDAComPartVerMasterCreI"
       typeClassName="EP2PartRevMasterSCreI" description="CreateInput object for &quot;EP2PartRevMasterS&quot; business object"
       isAbstract="false" artifactName="EP2PartRevMasterSCreI"/>
   <OperationInputType typeName="EP2PartRevMasterSSvAI" parentTypeName="EDAComPartVerMasterSvAI"
       typeClassName="EP2PartRevMasterSSvAI" description="SaveAsInput object for &quot;EP2PartRevMasterS&quot; business object"
       isAbstract="false" artifactName="EP2PartRevMasterSSvAI"/>
   <OperationInputType typeName="EP2PartRevisionCreI" parentTypeName="EDAComPart RevisionCreI"
       typeClassName="EP2PartRevisionCreI" description="CreateInput object for &quot;EP2PartRevision&quot; business object"
       isAbstract="false" artifactName="EP2PartRevisionCreI"/>
   <OperationInputType typeName="EP2PartRevisionMasterCreI" parentTypeName="EDAComPart Revision MasterCreI"
       typeClassName="EP2PartRevisionMasterCreI" description="CreateInput object for &quot;EP2PartRevisionMaster&quot; business object"
       isAbstract="false" artifactName="EP2PartRevisionMasterCreI"/>
   <OperationInputType typeName="EP2PartRevisionMasterSvAI" parentTypeName="EDAComPart Revision MasterSvAI"
       typeClassName="EP2PartRevisionMasterSvAI" description="SaveAsInput object for &quot;EP2PartRevisionMaster&quot; business object"
       isAbstract="false" artifactName="EP2PartRevisionMasterSvAI"/>
   <OperationInputType typeName="EP2PartRevisionRevI" parentTypeName="EDAComPart_0_Revision_altRevI"
       typeClassName="EP2PartRevisionRevI" description="ReviseInput object for &quot;EP2PartRevision&quot; business object"
       isAbstract="false" artifactName="EP2PartRevisionRevI"/>
   <OperationInputType typeName="EP2PartRevisionSvAI" parentTypeName="EDAComPart RevisionSvAI"
       typeClassName="EP2PartRevisionSvAI" description="SaveAsInput object for &quot;EP2PartRevision&quot; business object"
       isAbstract="false" artifactName="EP2PartRevisionSvAI"/>
   <OperationInputType typeName="EP2PartSvAI" parentTypeName="EDAComPartSvAI" typeClassName="EP2PartSvAI"
       description="SaveAsInput object for &quot;EP2Part&quot; business object" isAbstract="false"
       artifactName="EP2PartSvAI"/>
   <TcDataset typeName="EP2EDAEplan" parentTypeName="Dataset" typeClassName="EP2EDAEplan"
       description="Dataset for EPLAN Project Backups" isAbstract="false" artifactName="EP2EDAEplan">
     <TcDSViewTool name="EP2EPLAN"/>
     <TcDSViewTool name="UnZip"/>
     <TcDSEditTool name="EP2EPLAN"/>
     <TcDSEditTool name="UnZip"/>
     <TcDatasetReference name="EP2ZIPFILE">
       <TcDatasetReferenceInfo template="zip" format="BINARY"/>
     </TcDatasetReference>
     <TcDatasetToolAction tool="EP2EPLAN" action="Open">
       <TcToolActionReference export="true" referenceName="EP2ZIPFILE"/>
       <TcToolParameter name="$ACTION"/>
       <TcToolParameter name="$OBJECT_TAG"/>
       <TcToolParameter name="$USER"/>
       <TcToolParameter name="$GROUP"/>
     </TcDatasetToolAction>
     <TcDatasetToolAction tool="EP2EPLAN" action="OpenUsing">
       <TcToolActionReference export="true" referenceName="EP2ZIPFILE"/>
       <TcToolParameter name="$ACTION"/>
       <TcToolParameter name="$OBJECT_TAG"/>
       <TcToolParameter name="$USER"/>
       <TcToolParameter name="$GROUP"/>
     </TcDatasetToolAction>
     <TcDatasetToolAction tool="UnZip" action="OpenUsing">
       <TcToolActionReference export="true" referenceName="EP2ZIPFILE"/>
       <TcToolParameter name="$EP2ZIPFILE"/>
     </TcDatasetToolAction>
   </TcDataset>
   <TcForm typeName="EP2PartMaster" parentTypeName="EDAComPart Master" typeClassName="Form"
       description="EPLAN part" isAbstract="false" artifactName="EP2PartMaster" formStorageClassName="EP2PartMasterS"/>
   <TcForm typeName="EP2PartRevisionMaster" parentTypeName="EDAComPart Revision Master"
       typeClassName="Form" description="MasterForm object for &quot;EP2PartRevision&quot; business object"
       isAbstract="false" artifactName="EP2PartRevisionMaster" formStorageClassName="EP2PartRevMasterS"/>
   <TcStandardType typeName="EP2Part" parentTypeName="EDAComPart" typeClassName="CommercialPart"
       description="EPLAN part" isAbstract="false" artifactName="EP2Part"/>
   <TcStandardType typeName="EP2PartMasterS" parentTypeName="EDAComPartMaster" typeClassName="EP2PartMasterS"
       description="Form Storage object for &quot;EP2PartMaster&quot; business object"
       isAbstract="false" artifactName="EP2PartMasterS"/>
   <TcStandardType typeName="EP2PartRevMasterS" parentTypeName="EDAComPartVerMaster"
       typeClassName="EP2PartRevMasterS" description="Form Storage object for &quot;EP2PartRevisionMaster&quot; business object"
       isAbstract="false" artifactName="EP2PartRevMasterS"/>
   <TcStandardType typeName="EP2PartRevision" parentTypeName="EDAComPart Revision"
       typeClassName="CommercialPart_0_Revis_alt0" description="ItemRevision object for &quot;EP2Part&quot; business object"
       isAbstract="false" artifactName="EP2PartRevision"/>
   <TcGlobalConstantAttach constantName="Fnd0SelectedLocales" value="en_US,de_DE"/>
   <TcTypeConstantAttach constantName="CreateInput" typeName="EP2EDAEplan" value="EP2EDAEplanCreI"/>
   <TcTypeConstantAttach constantName="CreateInput" typeName="EP2Part" value="EP2PartCreI"/>
   <TcTypeConstantAttach constantName="CreateInput" typeName="EP2PartMaster" value="EP2PartMasterCreI"/>
   <TcTypeConstantAttach constantName="CreateInput" typeName="EP2PartMasterS" value="EP2PartMasterSCreI"/>
   <TcTypeConstantAttach constantName="CreateInput" typeName="EP2PartRevision" value="EP2PartRevisionCreI"/>
   <TcTypeConstantAttach constantName="CreateInput" typeName="EP2PartRevisionMaster"
       value="EP2PartRevisionMasterCreI"/>
   <TcTypeConstantAttach constantName="CreateInput" typeName="EP2PartRevMasterS" value="EP2PartRevMasterSCreI"/>
   <TcTypeConstantAttach constantName="Fnd0Icon" typeName="EP2EDAEplan" value="EP2eplan16.png"/>
   <TcTypeConstantAttach constantName="ItemRevision" typeName="EP2Part" value="EP2PartRevision"/>
   <TcTypeConstantAttach constantName="MasterForm" typeName="EP2Part" value="EP2PartMaster"/>
   <TcTypeConstantAttach constantName="MasterForm" typeName="EP2PartRevision" value="EP2PartRevisionMaster"/>
   <TcTypeConstantAttach constantName="ReviseInput" typeName="EP2PartRevision" value="EP2PartRevisionRevI"/>
   <TcTypeConstantAttach constantName="SaveAsInput" typeName="EP2EDAEplan" value="EP2EDAEplanSvAI"/>
   <TcTypeConstantAttach constantName="SaveAsInput" typeName="EP2Part" value="EP2PartSvAI"/>
   <TcTypeConstantAttach constantName="SaveAsInput" typeName="EP2PartMaster" value="EP2PartMasterSvAI"/>
   <TcTypeConstantAttach constantName="SaveAsInput" typeName="EP2PartMasterS" value="EP2PartMasterSSvAI"/>
   <TcTypeConstantAttach constantName="SaveAsInput" typeName="EP2PartRevision" value="EP2PartRevisionSvAI"/>
   <TcTypeConstantAttach constantName="SaveAsInput" typeName="EP2PartRevisionMaster"
       value="EP2PartRevisionMasterSvAI"/>
   <TcTypeConstantAttach constantName="SaveAsInput" typeName="EP2PartRevMasterS" value="EP2PartRevMasterSSvAI"/>
   <TcPropertyConstantAttach constantName="Modifiable" typeName="EP2PartMaster" propertyName="ep2Description2"
       value="Write"/>
   <TcPropertyConstantAttach constantName="Modifiable" typeName="EP2PartMaster" propertyName="ep2PartNumber"
       value="Write"/>
   <TcPropertyConstantAttach constantName="Modifiable" typeName="EP2PartMaster" propertyName="ep2TypeNumber"
       value="Write"/>
   <TcPropertyConstantAttach constantName="Modifiable" typeName="EP2PartMasterS" propertyName="ep2PartNumber"
       value="Write"/>
   <TcDeepCopyRule typeName="ItemRevision" relRefPropName="*" propertyType="Relation"
       objectTypeName="EP2EDAEplan" conditionName="isTrue" operationName="ITEM_copy_rev"
       copyType="CopyAsObject" isTargetPrimary="true" secured="false" copyRelationAttributes="true"
       isRequired="false" description=""/>
   <TcNoteType noteTypeName="EP2RefDes" description="EPLAN RefDes unhashed plain text"/>
   <TcTool toolName="EP2EPLAN" toolMimeType="application/edades-eplan-project" toolSymbol="$TCEDAECAD_ROOT/edadeseplan"
       toolVersion="P8 2.2" toolVendorName="EPLAN" toolLaunchCommandMac="" toolLaunchCommandWin=""
       toolDownloadRequired="false" toolCallbackEnabled="false" toolViewCapable="false"
       toolMarkupCapable="false" toolEmbedApplication="false" toolVviRequired="false"
       toolDigitalSignatureCapable="false" description="">
     <TcToolInputFormat formatName="BINARY"/>
     <TcToolOutputFormat formatName="BINARY"/>
   </TcTool>
   <EDADerivedDataConfig name="EP2Config" description="DerivedData Configuration for EPLAN PDF">
     <EDADerivedItemConfigDef name="PDF_Item" context="all" prefix="PDF_of_" postfix=""
         parentType="CCA" itemType="Document" relationType="EDAHasDerivedItem" addToBOM="false"
         description=""/>
     <EDADerivedItemConfigDef name="PDF_CCABase" context="all" prefix="PDF_of_" postfix=""
         parentType="CCABase" itemType="Document" relationType="EDAHasDerivedItem"
         addToBOM="false" description=""/>
     <EDADerivedItemConfigDef name="Cable_ext_Item" context="all" prefix="Cable_ext_of_"
         postfix="" parentType="CCA" itemType="Document" relationType="EDAHasDerivedItem"
         addToBOM="false" description=""/>
     <EDADerivedItemConfigDef name="Cable_ext_CCABase" context="all" prefix="Cable_ext_of_"
         postfix="" parentType="CCABase" itemType="Document" relationType="EDAHasDerivedItem"
         addToBOM="false" description=""/>
     <EDADerivedItemConfigDef name="Contents_Item" context="all" prefix="Contents_of_"
         postfix="" parentType="CCA" itemType="Document" relationType="EDAHasDerivedItem"
         addToBOM="false" description=""/>
     <EDADerivedItemConfigDef name="Contents_CCABase" context="all" prefix="Contents_of_"
         postfix="" parentType="CCABase" itemType="Document" relationType="EDAHasDerivedItem"
         addToBOM="false" description=""/>
     <EDADerivedDatasetConfigDef name="PDF" context="all" prefix="" postfix="" parentType="PDF_Item"
         datasetType="PDF" relationType="EDAHasDerivedDataset" referenceType="PDF_Reference"
         pathName="$STAGE/latest/$ITEMID/Outputs/PDF/*.pdf" callbackName="createDerivedData1"
         description=""/>
     <EDADerivedDatasetConfigDef name="PDF2" context="all" prefix="" postfix="" parentType="PDF_CCABase"
         datasetType="PDF" relationType="EDAHasDerivedDataset" referenceType="PDF_Reference"
         pathName="$STAGE/latest/$ITEMID/Outputs/PDF/*.pdf" callbackName="createDerivedData1"
         description=""/>
     <EDADerivedDatasetConfigDef name="Cable_ext" context="all" prefix="" postfix=""
         parentType="Cable_ext_Item" datasetType="Text" relationType="EDAHasDerivedDataset"
         referenceType="Text" pathName="$STAGE/latest/$ITEMID/Outputs/Cable_ext/*.txt"
         callbackName="createDerivedData2" description=""/>
     <EDADerivedDatasetConfigDef name="Cable_ext2" context="all" prefix="" postfix=""
         parentType="Cable_ext_CCABase" datasetType="Text" relationType="EDAHasDerivedDataset"
         referenceType="Text" pathName="$STAGE/latest/$ITEMID/Outputs/Cable_ext/*.txt"
         callbackName="createDerivedData2" description=""/>
     <EDADerivedDatasetConfigDef name="Contents" context="all" prefix="" postfix=""
         parentType="Contents_Item" datasetType="Text" relationType="EDAHasDerivedDataset"
         referenceType="Text" pathName="$STAGE/latest/$ITEMID/Outputs/Contents/*.txt"
         callbackName="createDerivedData3" description=""/>
     <EDADerivedDatasetConfigDef name="Contents2" context="all" prefix="" postfix=""
         parentType="Contents_CCABase" datasetType="Text" relationType="EDAHasDerivedDataset"
         referenceType="Text" pathName="$STAGE/latest/$ITEMID/Outputs/Contents/*.txt"
         callbackName="createDerivedData3" description=""/>
   </EDADerivedDataConfig>
   <EDADerivedDataConfig name="EP2Config2" description="Derived data configuration for EPLAN PDF without specific derived data items">
     <EDADerivedDatasetConfigDef name="PDF" context="all" prefix="" postfix="" parentType="CCA"
         datasetType="PDF" relationType="EDAHasDerivedDataset" referenceType="PDF_Reference"
         pathName="$STAGE/latest/$ITEMID/Outputs/PDF/*.pdf" callbackName="createDerivedData1"
         description=""/>
     <EDADerivedDatasetConfigDef name="PDF2" context="all" prefix="" postfix="" parentType="CCABase"
         datasetType="PDF" relationType="EDAHasDerivedDataset" referenceType="PDF_Reference"
         pathName="$STAGE/latest/$ITEMID/Outputs/PDF/*.pdf" callbackName="createDerivedData1"
         description=""/>
     <EDADerivedDatasetConfigDef name="Cable_ext" context="all" prefix="Cable_ext_of_"
         postfix="" parentType="CCA" datasetType="Text" relationType="EDAHasDerivedDataset"
         referenceType="Text" pathName="$STAGE/latest/$ITEMID/Outputs/Cable_ext/*.txt"
         callbackName="createDerivedData2" description=""/>
     <EDADerivedDatasetConfigDef name="Cable_ext2" context="all" prefix="Cable_ext_of_"
         postfix="" parentType="CCABase" datasetType="Text" relationType="EDAHasDerivedDataset"
         referenceType="Text" pathName="$STAGE/latest/$ITEMID/Outputs/Cable_ext/*.txt"
         callbackName="createDerivedData2" description=""/>
     <EDADerivedDatasetConfigDef name="Contents" context="all" prefix="Contents_of_"
         postfix="" parentType="CCA" datasetType="Text" relationType="EDAHasDerivedDataset"
         referenceType="Text" pathName="$STAGE/latest/$ITEMID/Outputs/Contents/*.txt"
         callbackName="createDerivedData3" description=""/>
     <EDADerivedDatasetConfigDef name="Contents2" context="all" prefix="Contents_of_"
         postfix="" parentType="CCABase" datasetType="Text" relationType="EDAHasDerivedDataset"
         referenceType="Text" pathName="$STAGE/latest/$ITEMID/Outputs/Contents/*.txt"
         callbackName="createDerivedData3" description=""/>
   </EDADerivedDataConfig>
</Add>
</TcBusinessData>
