<?xml version="1.0" encoding="UTF-8"?>
<!--
===============================================================================
                Copyright (c) 2003-2005 UGS Corporation
                   Unpublished - All Rights Reserved
===============================================================================

    Filename: EP2Part.xml

    Default style sheet for displaying Item poperties.
 -->

<rendering>
    
    <page title="General" titleKey="General" format="TwoColumn">
        <firstcolumn>
            <property name="object_string" column="32"/>
            <separator/>
            <property name="object_name" column="32"/>
            <property name="object_desc" />
        </firstcolumn>
        <secondcolumn>
           <objectSet source="IMAN_master_form.EP2PartMaster" >
              <tableDisplay>
               <property name="ep2PartNumber"/>
               <property name="ep2Description2" />
               <property name="ep2TypeNumber" />
              </tableDisplay>
           </objectSet>
        </secondcolumn>
    </page>

    <page title="Reservation" titleKey="Reservation">
        <property name="checked_out" />
        <property name="checked_out_user" />
        <separator/>
        <property name="checked_out_date" />
        <property name="checked_out_change_id" />
        <separator/>
        <property name="reservation" />
    </page>

    <page title="Project" titleKey="Project">
        <property name="proj_assign_mod_date" />
        <property name="project_ids" />
        <separator/>
        <property name="project_list" />
    </page>

    <page title="All" titleKey="All">
        <all type="property"/>
    </page>
</rendering>