<?xml version="1.0" encoding="ISO-8859-1"?>
<preferences version="10.0">
  <category name="EDA">
    <preference name="EDA_Workflows" type="String" array="true" disabled="false" protectionScope="Site" envEnabled="false">
      <preference_description>Specifies the workflow template names which are defined to be used to initiate a process in EDA (Electronic Design Automation) client.</preference_description>
      <context name="Teamcenter">
        <value>TCM Release Process</value>
      </context>
    </preference>  
    <preference name="EDA_ComponentItemTypes" type="String" array="true" disabled="false" protectionScope="Site" envEnabled="false">
      <preference_description>The complete set of all Teamcenter base types that should be supported by EDA as components.</preference_description>
      <context name="Teamcenter">
        <value>EP2Part</value>
      </context>
    </preference>
  </category>
</preferences>