<?xml version="1.0" encoding="utf-8" ?>
<Settings format="2">
 <CAT name="USER">
  <MOD name="PartsListGui">
   <LEV1 name="Filter" nodekind="scheme">
    <LEV2 name="OhneERP">
     <LEV3 name="Data" nodekind="block">
      <Setting name="Activ" type="bool">
       <Val>1</Val>
       <Val>1</Val>
      </Setting>
      <Setting name="CriteriaType" type="int">
       <Val>0</Val>
       <Val>0</Val>
      </Setting>
      <Setting name="IgnoreCase" type="bool">
       <Val>0</Val>
       <Val>0</Val>
      </Setting>
      <Setting name="Negation" type="bool">
       <Val>0</Val>
       <Val>1</Val>
      </Setting>
      <Setting name="Operator" type="int">
       <Val>0</Val>
       <Val>0</Val>
      </Setting>
      <Setting name="PropDescr" type="string">
       <Val>20466;0</Val>
       <Val>22056;0</Val>
      </Setting>
      <Setting name="QuickFilter" type="bool">
       <Val>0</Val>
       <Val>0</Val>
      </Setting>
      <Setting name="RelationDescr" type="string">
       <Val>0;0</Val>
       <Val>0;0</Val>
      </Setting>
      <Setting name="SingleValue" type="bool">
       <Val>0</Val>
       <Val>0</Val>
      </Setting>
      <Setting name="UseWildcards" type="bool">
       <Val>1</Val>
       <Val>1</Val>
      </Setting>
      <Setting name="Value" type="string">
       <Val>0</Val>
       <Val/>
      </Setting>
      <Setting name="WholeText" type="bool">
       <Val>1</Val>
       <Val>1</Val>
      </Setting>
     </LEV3>
     <Setting name="Description" type="mlstring">
      <Val>??_??@Filtern nach Gewerk &apos;Elektrotechnik&apos; und ERP Nr;</Val>
     </Setting>
     <Setting name="Name" type="mlstring">
      <Val>??_??@OhneERP;</Val>
     </Setting>
     <Setting name="ReadOnly" type="bool">
      <Val>0</Val>
     </Setting>
    </LEV2>
   </LEV1>
  </MOD>
 </CAT>
</Settings>
