<?xml version="1.0" encoding="UTF-8" standalone="no"?>
<!--
@<COPYRIGHT>@
==================================================
Copyright 2012.
Siemens Product Lifecycle Management Software Inc.
All Rights Reserved.
==================================================
@<COPYRIGHT>@
--><ProjectInfo>
    <NameValue key="SoaExternalBuild.CPPManagedClientOn" value="false"/>
    <NameValue key="ProjectBackup.Database.TEMDeploy" value="false"/>
    <NameValue key="ExternalBuild.CompileCommand.hpux" value="/opt/aCC/bin/aCC"/>
    <NameValue key="Codegen.ObjDir" value="output\server\obj"/>
    <NameValue key="ExternalBuild.CompilerFlags.linux" value="-c -fPIC -m64 -DSTEP -DAP203 -DAP214 -D_XOPEN_SOURCE=600 -DPOSIX  -fmessage-length=0 -Wformat=2 -Wmissing-format-attribute"/>
    <NameValue key="ExternalBuild.LinkCommand.win32" value="link"/>
    <NameValue key="Codegen.Deprecation.NumberOfReleases" value="1"/>
    <NameValue key="Codegen.Deprecation.policy" value="true"/>
    <NameValue key="ExternalBuild.LinkerFlags.win32" value="-dll -debug -nologo -nodefaultlib -incremental:no -subsystem:console -dynamicbase -nxcompat"/>
    <NameValue key="SoaExternalBuild.JavaStrongClientOn" value="false"/>
    <NameValue key="Codegen.GenSrcDir" value="output\server\gensrc"/>
    <NameValue key="ExternalBuild.CompileCommand.win64" value="cl"/>
    <NameValue key="ExternalBuild.LinkerFlags.linux" value="-shared"/>
    <NameValue key="SoaExternalBuild.NETWebtierFeatureUuid" value="b49bf3a9b9ae49c2b35f023d1869ddc2"/>
    <NameValue key="ExternalBuild.LinkerFlags.hpux" value="-b -AA -mt +DD32"/>
    <NameValue key="ExternalBuild.CompilerFlags.aix" value="-c -qcpluscmt -qrtti -qmaxmem=-1 -qalign=natural -qalias=noansi -qchars=signed -qtbtable=full -q64 -DSTEP -DAP203 -DAP214 -qnamemangling=v8 -D_XOPEN_SOURCE=500 -DPOSIX -DUNX -DAIX "/>
    <NameValue key="ExternalBuild.LinkCommand.macos" value="/usr/bin/g++"/>
    <NameValue key="ExternalBuild.LinkerFlags.macos" value="-dynamiclib -Wl,-undefined,error -arch x86_64 -headerpad_max_install_names"/>
    <NameValue key="ExternalBuild.CompilerFlags.win64" value="-MD -c -nologo -EHsc -FI %TC_ROOT%/include/msvcpragmas.h -DSTEP -DAP203 -DAP214 -DWIN32_LEAN_AND_MEAN -DWNT -D_CRT_SECURE_NO_DEPRECATE -D_CRT_NONSTDC_NO_DEPRECATE -D_SECURE_SCL=0 -D_HAS_TR1=0 -DWNT -D_WIN32 -DWIN32 -D_WIN64 -D_INTEL=1 -DCRTAPI1=_cdecl -DCRTAPI2=cdecl -W3"/>
    <NameValue key="ExternalBuild.CompileCommand.win32" value="cl"/>
    <NameValue key="Codegen.Namespace" value="EPLAN"/>
    <NameValue key="Windows.Platform.OS" value="Win64-bit"/>
    <NameValue key="ProjectBackup.LocalFileSystem.BackupReminder" value="10"/>
    <NameValue key="ExternalBuild.LinkCommand.aix" value="/usr/vacpp/bin/xlC_r"/>
    <NameValue key="Codegen.SrcDir" value="src\server"/>
    <NameValue key="ExternalBuild.CompilerFlags.solaris" value="-c -KPIC -mt -m64 -DSTEP -DAP203 -DAP214 -D_XOPEN_SOURCE=500 -DPOSIX -DUNX -DSUN -D_SOLARIS_SOURCE "/>
    <NameValue key="ExternalBuild.CompileCommand.aix" value="/usr/vacpp/bin/xlC_r"/>
    <NameValue key="ProjectBackup.LocalFileSystem.EnableBackup" value="false"/>
    <NameValue key="Codegen.LibDir" value="output\server\lib"/>
    <NameValue key="ExternalBuild.LinkCommand.solaris" value="/opt/sunstudio12.1/bin/CC"/>
    <NameValue key="ExternalBuild.CompileCommand.linux" value="/usr/bin/g++"/>
    <NameValue key="ExternalBuild.CompilerFlags.macos" value="-c -fPIC -fno-common -arch x86_64 -DSTEP -DAP203 -DAP214  -DUNX -fmessage-length=0 -Wformat=2 -Wmissing-format-attribute"/>
    <NameValue key="ProjectBackup.Common.IncludeOutputFldr" value="false"/>
    <NameValue key="ExternalBuild.CompileCommand.solaris" value="/opt/sunstudio12.1/bin/CC"/>
    <NameValue key="ProjectBackup.Database.EnableBackup" value="false"/>
    <NameValue key="ExternalBuild.CompilerFlags.hpux" value="-c -z -mt +Z +DD32 -DSTEP -DAP203 -DAP214 -AA -D_XOPEN_SOURCE -D_XOPEN_SOURCE_EXTENDED=1 -DPOSIX -DUNX -DHPP +We890 +We129 +W740,749,829"/>
    <NameValue key="ExternalBuild.LinkCommand.linux" value="/usr/bin/g++"/>
    <NameValue key="ExternalBuild.LinkerFlags.solaris" value="-G -m64"/>
    <NameValue key="SoaExternalBuild.WSDLClientOn" value="false"/>
    <NameValue key="Codegen.Copyright" value="Copyright $CURRENT_YEAR.&#13;&#10;Siemens Product Lifecycle Management Software Inc.&#13;&#10;All Rights Reserved."/>
    <NameValue key="ExternalBuild.LinkerFlags.aix" value="-G -bbigtoc -bh:5 -bnoentry -qpriority=1 -q64"/>
    <NameValue key="SoaExternalBuild.NETClientOn" value="false"/>
    <NameValue key="SoaExternalBuild.JavaLooseClientOn" value="false"/>
    <NameValue key="ExternalBuild.LinkCommand.hpux" value="/opt/aCC/bin/aCC"/>
    <NameValue key="ExternalBuild.LinkCommand.win64" value="link"/>
    <NameValue key="ExternalBuild.LinkerFlags.win64" value="-dll -debug -nologo -nodefaultlib -incremental:no -subsystem:console -dynamicbase -nxcompat"/>
    <NameValue key="ProjectBackup.Database.LiveDeploy" value="false"/>
    <NameValue key="ExternalBuild.CompileCommand.macos" value="/usr/bin/g++"/>
    <NameValue key="SoaExternalBuild.CPPClientOn" value="false"/>
    <NameValue key="ExternalBuild.CompilerFlags.win32" value="-MD -c -nologo -EHsc -FI %TC_ROOT%/include/msvcpragmas.h -DSTEP -DAP203 -DAP214 -DWIN32_LEAN_AND_MEAN -DWNT -D_CRT_SECURE_NO_DEPRECATE -D_CRT_NONSTDC_NO_DEPRECATE -D_SECURE_SCL=0 -D_HAS_TR1=0 -DWNT -D_WIN32 -DWIN32 -D_INTEL=1 -DCRTAPI1=_cdecl -DCRTAPI2=cdecl -W3"/>
</ProjectInfo>
