<?xml version="1.0" encoding="ISO-8859-1"?>
<preferences version="10.0">
  <category name="EDA">
    <preference name="EDA_DerivedDataConfigDefault" type="String" array="false" disabled="false" protectionScope="Site" envEnabled="false">
      <preference_description>Defines name of the Derived Data Configuration to be used during EDA save operations.</preference_description>
      <context name="Teamcenter">
        <value>EP2Config</value>
      </context>
    </preference>
    <preference name="EDA_DefaultSavedQuery" type="String" array="false" disabled="false" protectionScope="Site" envEnabled="false">
      <preference_description>Defines the default Saved Query to preselect on the Navigator panel. This is a user preference.</preference_description>
      <context name="Teamcenter">
        <value>EPLAN Item...</value>
      </context>
    </preference>
    <preference name="EDALIB_Sync_FindNewParts" type="String" array="false" disabled="false" protectionScope="Site" envEnabled="false">
      <preference_description>Query to identify Parts to be imported from Teamcenter to EPLAN part library</preference_description>
      <context name="Teamcenter">
        <value>__EDALIB_find_newparts_EPLAN</value>
      </context>
    </preference>
    <preference name="EDALIB_ItemTypesMapping_EPLAN" type="String" array="true" disabled="false" protectionScope="Site" envEnabled="false">
      <preference_description>Specifies the item types mapping between ECAD system and Teamcenter. 
Each string value should be in the format&lt;ECAD_Object&gt;,&lt;Teamcenter_ItemType&gt;,&lt;Is_PrimaryObject&gt; where:
*&lt;ECAD_Object&gt; is the object name in ECAD tool.
*&lt;Teamcenter_ItemType&gt; is the item or sub type of item in Teamcenter.
*&lt;Is_PrimaryObject&gt; is the flag if the&lt;ECAD_Object&gt; should be used as primary object to find the candidate of synchronization in synchronize operation in the Teamcenter EDA (Electronic Design Automatic) common client, the provided value is to be&quot;true&quot;. Otherwise, the provided value is to be&quot;false&quot;. If no value is provided, the default applied value is&quot;false&quot;.</preference_description>
      <context name="Teamcenter">
        <value>Symbol,EDASymbol,false</value>
        <value>Footprint,EDAFootprint,false</value>
        <value>Component,EP2Part,true</value>
      </context>
    </preference>
    <preference name="EDA_CombinedBOMOptionDefault" type="String" array="false" disabled="false" protectionScope="Site" envEnabled="false">
      <preference_description>EDA Bom option default</preference_description>
      <context name="Teamcenter">
        <value>FromSchematic</value>
      </context>
    </preference>	
    <preference name="EDA_DefinePWBWith" type="String" array="false" disabled="false" protectionScope="Site" envEnabled="false">
      <preference_description>EDA with PWB default</preference_description>
      <context name="Teamcenter">
        <value>none</value>
      </context>
    </preference>	
    <preference name="EDA_AutoCloseWizardDialog" type="Logical" array="false" disabled="false" protectionScope="User" envEnabled="false">
    <preference_description>Specifies that EDA wizard dialogs automatically close when an EDA operation is successfully completed.
Valid values are:
* true: the functionality is enabled. EDA wizard dialogs automatically close following successful completion of an EDA operation.
* false: the functionality is disabled. EDA wizard dialogs require user action to close following successful completion of an EDA operation.</preference_description>
      <context name="Teamcenter">
        <value>true</value>
      </context>
    </preference>
    <preference name="EDALIB_External_Applications" type="String" array="true" disabled="false" protectionScope="Site" envEnabled="false">
      <preference_description>EDA external applications</preference_description>
      <context name="Teamcenter">
        <value>eplanLib,12</value>
      </context>
    </preference>
	<preference name="EDA_RemoveWorkingFilesOptionDefault" type="String" array="false" disabled="false" protectionScope="Site" envEnabled="false">
      <preference_description>Specifies the default setting for the Check-In and Cancel Check-Out associated Remove working files from local storage UI checkboxes.
Valid values are:
* checked: the checkbox is checked.
* unchecked: the checkbox is unchecked. This is the default value.
If "Force" is prepended to either of these, then the value cannot be changed by the user, and the UI checkbox is disabled.</preference_description>
      <context name="Teamcenter">
        <value>checked</value>
      </context>	
	</preference>
	<preference name="EDA_BOMCompareRevRule" type="String" array="false" disabled="false" protectionScope="Site" envEnabled="true">
      <preference_description>The revision rule to be used by EDA BOM compare when expanding Teamcenter product structure for comparison with ECAD design BOM.</preference_description>
      <context name="Teamcenter">
        <value>Latest Working</value>
      </context>	
	</preference>	
  </category>
</preferences>