<?xml version="1.0" encoding="UTF-8" standalone="no"?>
<!--
    Document   : feature_eplan.xml
    Description: This XML is used by TEM to install or upgrade the "eplan" solution.
--><feature>
    <name value="Teamcenter Integration for EPLAN"/>
    <property name="feature_name" value="ep2eplan"/>
    <group value="mechatronics"/>
    <guid value="9A20537D85E03F6E9440F280EAC020CB"/>
    <bundle value="${feature_name}Bundle.xml"/>
    <description value="${feature_name}.description"/>
    <include file="dataModelDependency.xml"/>
    <relation>
        <depends name="edaserver" value="A94F476A35E6E0EB152263D37FBA18ED"/>
        <depends name="edalibrary" value="483DBA0833D586110D2B4C7190B3A075"/>
        <depends name="vendormanagement" value="7EB052BF7B4039A2BB8C9F98009DD22D"/>
    </relation>
    <feature>
        <!--  Feature: Data Model -->
        <name value="Data Model"/>
        <property name="feature_id" value="datamodel"/>
        <property name="bmide_optional" value="false"/>
        <property name="template_name" value="${feature_name}"/>
        <property name="template_file" value="${template_name}_template.xml"/>
        <removable value="false"/>
        <root value="true"/>
        <bundle value="${template_name}Bundle.xml"/>
        <description value="${template_name}.description"/>
        <guid value="682E15EC3C7E61935681B817A3962262"/>
        <include file="coreDataModel.xml"/>
        <include file="generatePlmxmlSchema.xml"/>
    </feature>
<dependencyReferences>
        <reference name="foundation" value="8C061DD51E13E0CB9DC4687B1A3348BE"/>
    </dependencyReferences>
</feature>
