<?xml version="1.0" encoding="utf-8"?>
<!-- GENERATED BY: PLM XML SDK 7.0.2.263 -->
<plmxml_bus:PLMXMLBusinessTypes xmlns="http://www.plmxml.org/Schemas/PLMXMLSchema"
 xmlns:plmxml_bus="http://www.plmxml.org/Schemas/PLMXMLBusinessSchema"
 schemaVersion="6" language="en-us" date="2013-11-28" languages="en-us fr-fr de-de it-it es-es pt-br" time="11:05:40" author="Teamcenter V9000.1.0.24_20130712.00 - infodba@IMC--2027815850(-2027815850)">
<plmxml_bus:SavedQueryDef id="id1" nameRef="#id2" descriptionTextRef="#id3" name="EPLAN Item..." queryFlag="0" queryClass="Item">
<Description>Find Item(s) with attached EPLAN dataset</Description>
<ApplicationRef version="gwGAAAA24JxzlB" application="Teamcenter" label="gwGAAAA24JxzlB"></ApplicationRef>
<plmxml_bus:QueryClause id="id6" stringValue="SELECT qid FROM Item WHERE   &quot;object_name&quot; LIKE &quot;${Name = *}&quot; AND   &quot;item_id&quot; = &quot;${ItemID = }&quot; AND   &quot;object_desc&quot; = &quot;${Description = }&quot; AND   &quot;object_type&quot; = &quot;${Type = }&quot; AND   &quot;creation_date&quot; &gt;= &quot;${CreatedAfter = }&quot; AND &quot;creation_date&quot; &lt;= &quot;${CreatedBefore = }&quot; AND   &quot;last_mod_date&quot; &gt;= &quot;${ModifiedAfter = }&quot; AND   &quot;last_mod_date&quot; &lt;= &quot;${ModifiedBefore = }&quot; AND   &quot;date_released&quot; &gt;= &quot;${ReleasedAfter = }&quot; AND   &quot;date_released&quot; &lt;= &quot;${ReleasedBefore = }&quot; AND &quot;release_status_list.name&quot; = &quot;${ReleaseStatus = }&quot; AND   &quot;owning_organization.organization_id&quot; = &quot;${OwningOrganizationID = }&quot; AND  &quot;ItemRevision&lt;-items_tag.Dataset:IMAN_specification.object_type&quot; = &quot;EP2EDAEplan&quot;"></plmxml_bus:QueryClause></plmxml_bus:SavedQueryDef>
<Site id="id4" name="IMC--2027815850" siteId="-2027815850">
<ApplicationRef version="w9FAAAAE4JxzlB" application="Teamcenter" label="w9FAAAAE4JxzlB"></ApplicationRef>
<UserData id="id5">
<UserValue value="1" title="dbms"></UserValue></UserData></Site>
<plmxml_bus:Text id="id2" primary="en-us"></plmxml_bus:Text>
<plmxml_bus:Text id="id3" primary="en-us"></plmxml_bus:Text></plmxml_bus:PLMXMLBusinessTypes>
