﻿<?xml version="1.0" encoding="utf-8"?>
<!-- GENERATED BY: PLM XML SDK 7.0.4.418 -->
<plmxml_bus:PLMXMLBusinessTypes xmlns="http://www.plmxml.org/Schemas/PLMXMLSchema"
 xmlns:plmxml_bus="http://www.plmxml.org/Schemas/PLMXMLBusinessSchema"
 language="en-us" time="12:15:31" schemaVersion="6" author="Teamcenter V11000.2.3.31_20170210.00 - infodba@IMC--1917673856(-1917673856)" date="2017-06-06" languages="cs-cz de-de en-us es-es fr-fr it-it ja-jp ko-kr pl-pl pt-br ru-ru zh-cn zh-tw">
<plmxml_bus:SavedQueryDef id="id1" name="__EDALIB_findItemId" nameRef="#id2" descriptionTextRef="#id3" queryFlag="0" queryClass="Item">
<Description>Find parts for EPLAN library export when articleId in TC is empty</Description>
<ApplicationRef application="Teamcenter" label="wAahPmgFYvS6IA" version="wAahPmgFYvS6IA"></ApplicationRef>
<plmxml_bus:QueryClause id="id4" stringValue="SELECT qid FROM Item WHERE &quot;object_type&quot; = &quot;${EP2_object_type = EP2Part}&quot; AND &quot;Form:IMAN_master_form.EP2PartMasterS:data_file.ep2PartNumber&quot; IS_NULL &quot;IS_NULL&quot; AND &quot;item_id&quot; = &quot;${item_id = }&quot;"></plmxml_bus:QueryClause></plmxml_bus:SavedQueryDef>
<plmxml_bus:Text id="id2" primary="en-us"></plmxml_bus:Text>
<plmxml_bus:Text id="id3" primary="en-us"></plmxml_bus:Text></plmxml_bus:PLMXMLBusinessTypes>
