<?xml version="1.0" encoding="utf-8"?>
<!-- GENERATED BY: PLM XML SDK 7.0.2.263 -->
<plmxml_bus:PLMXMLBusinessTypes xmlns="http://www.plmxml.org/Schemas/PLMXMLSchema"
 xmlns:plmxml_bus="http://www.plmxml.org/Schemas/PLMXMLBusinessSchema"
 schemaVersion="6" language="en-us" date="2014-04-04" languages="en-us fr-fr de-de it-it es-es pt-br" time="18:28:33" author="Teamcenter V9000.1.0.26_20131204.00 - infodba@IMC--2027142464(-2027142464)">
<plmxml_bus:SavedQueryDef id="id1" nameRef="#id2" descriptionTextRef="#id3" name="__EDALIB_findArtId" queryFlag="0" queryClass="Item">
<Description>Find parts for EPLAN library export</Description>
<ApplicationRef version="wUeNi_Ux4JMJMA" application="Teamcenter" label="wUeNi_Ux4JMJMA"></ApplicationRef>
<plmxml_bus:QueryClause id="id6" stringValue="SELECT qid FROM Item WHERE   &quot;Form:IMAN_master_form.EP2PartMasterS:data_file.ep2PartNumber&quot; = &quot;${EP2_PartNum = }&quot; AND  &quot;object_type&quot; = &quot;${EP2_object_type = EP2Part}&quot;"></plmxml_bus:QueryClause></plmxml_bus:SavedQueryDef>
<Site id="id4" name="IMC--2027142464" siteId="-2027142464">
<ApplicationRef version="w9VJ2tvN4JMJMA" application="Teamcenter" label="w9VJ2tvN4JMJMA"></ApplicationRef>
<UserData id="id5">
<UserValue value="1" title="dbms"></UserValue></UserData></Site>
<plmxml_bus:Text id="id2" primary="en-us"></plmxml_bus:Text>
<plmxml_bus:Text id="id3" primary="en-us"></plmxml_bus:Text></plmxml_bus:PLMXMLBusinessTypes>
