<?xml version="1.0" encoding="utf-8"?>
<!-- GENERATED BY: PLM XML SDK 7.0.3.296 -->
<plmxml_bus:PLMXMLBusinessTypes xmlns="http://www.plmxml.org/Schemas/PLMXMLSchema"
 xmlns:plmxml_bus="http://www.plmxml.org/Schemas/PLMXMLBusinessSchema"
 schemaVersion="6" language="en-us" date="2014-04-23" languages="en-us fr-fr de-de it-it es-es pt-br" time="17:29:36" author="Teamcenter V10000.1.0.11_20140212.00 - infodba@IMC--2012532128(-2012532128)">
<plmxml_bus:SavedQueryDef id="id1" nameRef="#id2" descriptionTextRef="#id3" name="__EDALIB_find_newparts_EPLAN" queryFlag="0" queryClass="Part">
<Description>Find new parts for EDA library synchronization with EPLAN</Description>
<ApplicationRef version="gcfN0FFvIC7IGA" application="Teamcenter" label="gcfN0FFvIC7IGA"></ApplicationRef>
<plmxml_bus:QueryClause id="id4" stringValue="SELECT qid FROM Part WHERE &quot;ImanExportRecord&lt;-ixr_exported_object&quot; IS_NULL &quot;IS_NULL&quot; AND &quot;object_type&quot; = &quot;${object_type = EP2Part}&quot;"></plmxml_bus:QueryClause></plmxml_bus:SavedQueryDef>
<plmxml_bus:Text id="id2" primary="en-us"></plmxml_bus:Text>
<plmxml_bus:Text id="id3" primary="en-us"></plmxml_bus:Text></plmxml_bus:PLMXMLBusinessTypes>
